/r/EllenPaoRapedMe/,public,429,6/11/2015
/r/EllenPaoandfathate/,public,394,6/11/2015
/r/PaoHate/,public,381,6/11/2015
/r/FuckYouEllenPao/,public,368,6/11/2015
/r/ellenpaolounge/,public,158,6/11/2015
/r/FatPeopleHateSatan/,public,157,6/11/2015
/r/ellenpaobenefits/,public,96,6/11/2015
/r/EllenPaoIsHitler/,public,53,6/11/2015
/r/RedditVsPao/,public,36,6/11/2015
/r/EllenPaoNudes/,public,33,6/11/2015
/r/EllenPaoResign/,public,32,6/11/2015
/r/paofucksfatties/,public,27,6/11/2015
/r/BigHumanDislike/,public,26,6/11/2015
/r/fatpeoplehate1414/,public,22,6/11/2015
/r/paotsetung/,public,20,6/11/2015
/r/HateEllenPao/,public,20,6/11/2015
/r/fatpeoplehateayylmao/,public,19,6/11/2015
/r/RedditInPieces/,public,19,6/11/2015
/r/ScrewEllenPao/,public,19,6/11/2015
/r/TributeEllenPao/,public,16,6/11/2015
/r/FatPaoHate2/,public,15,6/11/2015
/r/FatDissent/,public,13,6/11/2015
/r/kungpao/,public,12,6/11/2015
/r/praisepao/,public,12,6/11/2015
/r/FUCKPAO/,public,11,6/11/2015
/r/fatpeoplehate999/,public,11,6/11/2015
/r/shitellenpaosays/,public,10,6/11/2015
/r/fatpeoplehate151/,public,10,6/11/2015
/r/DataIsFat/,public,10,6/11/2015
/r/FatPaoHate/,public,9,6/11/2015
/r/ellenpaoisahugecunt/,public,9,6/11/2015
/r/paowerfulwomen/,public,9,6/11/2015
/r/ShitLordCrusade/,public,8,6/11/2015
/r/FascistTwat/,public,8,6/11/2015
/r/StopFatAcceptance/,public,7,6/11/2015
/r/HeavyFolksDistaste/,public,7,6/11/2015
/r/chairmanpaoisabitch/,public,7,6/11/2015
/r/paoisagargantuancunt/,public,6,6/11/2015
/r/EllenPaoHat3/,public,6,6/11/2015
/r/FireChairmanPao/,public,6,6/11/2015
/r/hitlerpao/,public,6,6/11/2015
/r/EllenPaoPorn/,public,6,6/11/2015
/r/Ellen_Pao_Is_Evil/,public,5,6/11/2015
/r/idislikefatties/,public,5,6/11/2015
/r/EllenPaoIsADick/,public,5,6/11/2015
/r/obesesentientdisdain/,public,5,6/11/2015
/r/idontlikeneogaf/,public,5,6/11/2015
/r/fatpeoplehate6969420/,public,4,6/11/2015
/r/EllenPaoSupport/,public,4,6/11/2015
/r/PaoApologists/,public,4,6/11/2015
/r/InvestigateEllenPao/,public,4,6/11/2015
/r/patepeoplesafespace/,public,4,6/11/2015
/r/overweighth8/,public,4,6/11/2015
/r/ellenpao666/,public,4,6/11/2015
/r/EllenPaoisfat/,public,4,6/11/2015
/r/PaoMasterRace/,public,4,6/11/2015
/r/paoisacunt/,public,4,6/11/2015
/r/poayongyang/,public,4,6/11/2015
/r/fat_people_hate69/,public,3,6/11/2015
/r/inpaowetrust/,public,3,6/11/2015
/r/fatpeoplehate1001/,public,3,6/11/2015
/r/paoerrangers/,public,3,6/11/2015
/r/HailPao/,public,3,6/11/2015
/r/Facepunching/,public,3,6/11/2015
/r/PaoMustDie/,public,3,6/11/2015
/r/EatShitEllenPao/,public,3,6/11/2015
/r/paoabunga/,public,3,6/11/2015
/r/paogohome/,public,3,6/11/2015
/r/FightThePaower/,public,3,6/11/2015
/r/paosabitch/,public,3,6/11/2015
/r/Pao1/,public,2,6/11/2015
/r/EllenPaoNaziHate/,public,2,6/11/2015
/r/Fat_Pao_Hate/,public,2,6/11/2015
/r/Paogw/,public,2,6/11/2015
/r/PhatSheepleDate/,public,2,6/11/2015
/r/ELLENPAOISTRASH/,public,2,6/11/2015
/r/fatpeoplehate997624/,public,2,6/11/2015
/r/EllenPaoIsARetard/,public,2,6/11/2015
/r/ChairmanPao2/,public,2,6/11/2015
/r/PAOssy/,public,2,6/11/2015
/r/paodid911/,public,2,6/11/2015
/r/ITAPao/,public,2,6/11/2015
/r/ellenpaohaikus/,public,2,6/11/2015
/r/Fatpeoplehate21412/,public,2,6/11/2015
/r/HamPlanetDeathStar/,public,2,6/11/2015
/r/Paoporn/,public,1,6/11/2015
/r/PaoIsTheBest/,public,1,6/11/2015
/r/endwithapao/,public,1,6/11/2015
/r/EllenPaoIsgarbage/,public,1,6/11/2015
/r/EllenPaoIsntAwesome/,public,1,6/11/2015
/r/PaoMustResign/,private,,6/11/2015
/r/FATPOWER/,private,,6/11/2015
/r/EllenPao_IsA_Cunt/,private,,6/11/2015
/r/largehealthconcerns/,private,,6/11/2015
/r/fatpeoplehateFFFFFFFF/,private,,6/11/2015
/r/boycottredditgold/,private,,6/11/2015
/r/FatPeopleHatersss/,private,,6/11/2015
/r/corpulentpeoplehate/,private,,6/11/2015
/r/WorseThanFPH/,public,127,6/12/2015
/r/PaoSchwitz/,public,11,6/12/2015
/r/ekp/,public,10,6/12/2015
/r/firepao/,public,9,6/12/2015
/r/TheTruthAboutEllenPao/,public,7,6/12/2015
/r/ellenpaogonewild/,public,4,6/12/2015
/r/EllenPaoIsAFatCunt/,public,4,6/12/2015
/r/paofaces/,public,3,6/12/2015
/r/FartPurpleHats/,public,2,6/12/2015
/r/TheAntiPaoMovement/,public,1,6/12/2015
/r/paodidnothingwrong/,public,1,6/12/2015
/r/PaoableFaces/,public,1,6/12/2015
/r/PunchableVisage/,private,,6/12/2015
/r/redditceo/,private,,6/12/2015
/r/redditCEOsemenwarrior/,private,,6/12/2015
/r/pao_out/,public,11,6/13/2015
/r/Paoisprettycool/,public,3,6/13/2015
/r/EllenPaoIsAWhore/,public,2,6/13/2015
/r/explainlikeimellenpao/,public,2,6/13/2015
/r/antipao/,public,6,6/14/2015
/r/antipaoninjas/,public,2,6/14/2015
/r/chairman_pao/,public,1,6/14/2015
/r/OppoasiteDay/,public,0,6/14/2015
/r/TruePaoFacts/,public,1,6/16/2015
/r/epiasefh/,public,1,6/18/2015
/r/FatPeopleHateII/,public,0,6/18/2015
/r/ellenpaosucksdick/,public,1,6/19/2015
/r/ellenpaomemes/,public,4,6/20/2015
/r/juststraightupdicksyo/,private,,6/22/2015
/r/ellenpaoisabitch/,private,,6/22/2015
/r/EllenPaoMustResign/,private,,6/22/2015
/r/PaoMustntReign/,public,1,6/24/2015
/r/GoPrivate/,public,226,7/3/2015
/r/Ellen_pao_hate/,public,39,7/3/2015
/r/paos_comments/,restricted,38,7/3/2015
/r/FuckyouAdmins/,public,34,7/3/2015
/r/SupremeLeaderPao/,public,24,7/3/2015
/r/pingpongpao/,public,5,7/3/2015
/r/Gestapao/,public,4,7/3/2015
/r/ellenpao_irl/,public,3,7/3/2015
/r/KungEllenPaoChicken/,public,2,7/3/2015
/r/PaoOut/,public,1,7/3/2015
/r/paomemes/,restricted,1,7/3/2015
/r/RemovePao/,public,1,7/3/2015
/r/StepDownEllenPao/,public,1,7/3/2015
/r/Rule34Pao/,public,0,7/3/2015
/r/FuckEllenPaobitch/,public,0,7/3/2015
/r/Sadnessinfinity/,private,,7/3/2015
/r/alwaysprivate/,private,,7/3/2015
/r/fullyprivate/,private,,7/3/2015
/r/GloriousLeaderPaoYang/,private,,7/3/2015
/r/fightthepaoer/,private,,7/3/2015
/r/schoolchootings/,private,,7/3/2015
/r/thegreatblackout2015/,private,,7/3/2015
/r/fatpeoplearehated/,private,,7/3/2015
/r/HolyPao/,restricted,185,7/4/2015
/r/AyyLpao/,public,117,7/4/2015
/r/Paotoshops/,public,4,7/4/2015
/r/AskEllenPAo/,public,3,7/4/2015
/r/PaoIsHitler/,public,2,7/4/2015
/r/ThanksChairmanPao/,public,2,7/4/2015
/r/PaoQuotes/,restricted,1,7/4/2015
/r/paoisbadatherjob/,public,1,7/4/2015
/r/MooGooGaiPao/,public,1,7/4/2015
/r/HitlerReincarnated/,public,0,7/4/2015
/r/StepDownPao/,private,,7/4/2015
/r/PaoTownHall/,private,,7/4/2015
/r/SaveRedditMarch/,private,,7/4/2015
/r/SacredPao/,public,2,7/5/2015
/r/paosuckscock/,public,1,7/5/2015
/r/GoldPledge/,public,12,7/6/2015
/r/PaoJerk/,public,2,7/6/2015
/r/thusspokepao/,restricted,1,7/6/2015
/r/ProPao/,public,1,7/6/2015
/r/fuckellenpaoshirts/,restricted,2,7/7/2015
/r/Fatpeoplehatee/,public,2,7/7/2015
/r/FattieH8/,public,9,7/9/2015
/r/IhateEllenPao/,public,1,7/9/2015
/r/ellenpaoism/,public,1,7/9/2015
/r/teamellen/,public,2,7/10/2015
/r/Obeseellenpaohate/,public,1,7/10/2015
/r/ellensfaggyhusband/,public,1,7/10/2015
/r/Fatpeoplehate218/,public,1,7/10/2015
/r/ellenpaosecretsociety/,public,5,7/11/2015
/r/WeMissPao/,public,2,7/11/2015